id;title;language;description;content;content_content_type;content_sha_1;number_of_pages;created_at;updated_at
1;Consultant Granite;parsing Money Market Account District;green Outdoors;../fake-data/blob/hipster.png;image/png;;92494;2020-03-20T06:55:24;2020-03-19T22:07:56
2;Refined;disintermediate;hacking;../fake-data/blob/hipster.png;image/png;;88013;2020-03-20T10:47:10;2020-03-20T15:01:19
3;Paradigm Devolved;infrastructure uniform bandwidth;Practical fuchsia;../fake-data/blob/hipster.png;image/png;;28503;2020-03-20T06:23:51;2020-03-19T21:23:01
4;Generic Causeway;Chief Operations UAE Dirham;Generic Plastic Salad enhance Refined;../fake-data/blob/hipster.png;image/png;;23242;2020-03-20T00:06:25;2020-03-20T04:33:50
5;Shores e-business Awesome Frozen Shirt;contextually-based Associate HTTP;Handmade Re-engineered red;../fake-data/blob/hipster.png;image/png;;309;2020-03-20T09:04:22;2020-03-19T22:36:30
6;Director;Credit Card Account transmitter New Jersey;Customer plum Connecticut;../fake-data/blob/hipster.png;image/png;;38430;2020-03-20T13:13:47;2020-03-20T11:49:46
7;viral;Berkshire;Lesotho payment;../fake-data/blob/hipster.png;image/png;;34251;2020-03-19T20:08:40;2020-03-20T18:43:39
8;Saint Pierre and Miquelon monitor;orchestrate Philippines;Buckinghamshire Operative;../fake-data/blob/hipster.png;image/png;;27811;2020-03-20T12:05:28;2020-03-20T15:31:01
9;whiteboard Berkshire Automotive;extranet withdrawal redundant;olive Optional;../fake-data/blob/hipster.png;image/png;;15583;2020-03-20T01:09:28;2020-03-20T04:49:06
10;Mount;Fish programming RSS;quantify CFP Franc RAM;../fake-data/blob/hipster.png;image/png;;54841;2020-03-20T04:03:20;2020-03-20T00:18:35
